seed,H0_frac_collapsed,H1_frac_collapsed,H0_median,H1_median
0,0.19833333333333333,0.9863333333333333,1233.0,834.0
1,0.20533333333333334,0.9863333333333333,1271.0,831.0
2,0.198,0.9876666666666667,1253.0,832.0
3,0.19566666666666666,0.987,1220.0,828.0
4,0.20266666666666666,0.983,1258.0,832.0
