mean_M0,mean_M1,ratio_M1_over_M0,size
0.03609,0.10107,2.800498753117207,100000
